system_vs_llm,scenario,mean_delta_total_return_pct,ci2_5_pct,ci97_5_pct,n_cases
SVM,S0,6.024285285597936,-1.4594368687544876,12.189710956362397,6
SVM,S1,-2.444347430695839,-8.001987397453883,3.224118248509479,6
SVM,S2,1.2020116235996319,-5.251097147251382,6.853510411308876,6
XGBoost,S0,4.275551952264602,-1.6615251489631406,10.403925836599415,6
XGBoost,S1,2.1350025693041608,-4.57718501929658,8.36900681849318,6
XGBoost,S2,4.229178290266298,-0.276057319878356,9.552141493313517,6
