system_vs_llm,scenario,mean_delta_total_return_pct,ci2_5_pct,ci97_5_pct,n_cases
SVM,S0,5.119351313711412,-0.9354299026815209,10.011996711517563,8
SVM,S1,-2.372677214928202,-7.114414324591342,2.6877080974410243,8
SVM,S2,1.7721272612572632,-3.3023274393343205,6.172616082943634,8
XGBoost,S0,3.1374138137114125,-1.240624534365752,8.226413926025803,8
XGBoost,S1,1.2677977850717983,-4.508442608898043,6.830841239328728,8
XGBoost,S2,3.887977261257263,0.3531661705441874,7.387814048408014,8
