Feature,Group,Importance
macd_hist,MACD,0.00824310824215661
macd_signal,MACD,0.0062531403543880145
volume_ratio,volume ratio,0.005827005710976932
macd,MACD,0.00559754476311035
close_pct_20d,returns,0.005247781448472418
close_pct_5d,returns,0.004896887233758962
atr_14,ATR,0.00463979391088285
close_pct_1d,returns,0.004239957494804148
ema_50,EMA,0.003900099144187802
rsi_14,RSI,0.0037166355761273
ema_20,EMA,0.002822376360746715
vol_gate_flag,volatility gate,0.0
