Feature,Group,Importance
close_pct_5d,returns,0.004208100040841422
ema_50,EMA,0.003903996692076
rsi_14,RSI,0.003031992390221544
ema_20,EMA,0.002641252887167187
close_pct_1d,returns,0.0016966985717070046
macd_hist,MACD,0.0009294725382617268
atr_14,ATR,0.0006919916936320323
vol_gate_flag,volatility gate,0.0003344808532045448
volume_ratio,volume ratio,-0.000588053287521953
macd,MACD,-0.0016297571066534395
close_pct_20d,returns,-0.001630606050185842
macd_signal,MACD,-0.0038245150703775364
